"Id";"Designator";"Footprint";"Quantity";"Designation";"Supplier and ref";
1;"C1, C2, C3";"C_0805_2012Metric";3;"1u";;;
2;"C4";"C_0805_2012Metric";1;"100n";;;
3;"D1";"LED_D5.0mm";1;"TSAL6200";;;
4;"J1";"USB_C_Receptacle_GCT_USB4105-xx-A_16P_TopMnt_Horizontal";1;"USB_C_Receptacle_USB2.0_16P";;;
5;"Q1";"SOT-23";1;"AO3400A";;;
6;"R1, R2";"R_0805_2012Metric";2;"5.1k";;;
7;"R3, R4";"R_0805_2012Metric";2;"22r";;;
8;"R5, R6, R8";"R_0805_2012Metric";3;"10k";;;
9;"R7";"R_0805_2012Metric";1;"100r";;;
10;"R9";"R_0805_2012Metric";1;"68r";;;
11;"SW1";"SW_PUSH_6mm";1;"Reset";;;
12;"SW2";"SW_PUSH_6mm";1;"Boot";;;
13;"U1";"ESP32-S3-WROOM-1";1;"ESP32-S3-WROOM-1";;;
14;"U2";"SOT-23-5";1;"AP2112K-3.3";;;
15;"U3";"Vishay_MINICAST-3Pin";1;"TSOP384xx";;;
